"","V1","V2","V3","V4"
"1","Ex11.3","JatunSacha","Exi11_JS","Exi11_JS"
"2","Ex11.4","JatunSacha","Exi11_JS","Exi11_JS"
"3","Ex11.5","JatunSacha","Exi11_JS","Exi11_JS"
"4","Ex12.1","JatunSacha","Exi12_JS","Exi12_JS"
"5","Ex12.7","JatunSacha","Exi12_JS","Exi12_JS"
"6","Ex14.2","JatunSacha","Exi14_JS","Exi14_JS"
"7","Ex14.4","JatunSacha","Exi14_JS","Exi14_JS"
"8","Ex02.3","JatunSacha","Exi02_JS","Exi02_JS"
"9","Ex05.5","JatunSacha","Exi05_JS","Exi05_JS"
"10","Ex06A.5","JatunSacha","Exi06_JS","Exi06A_JS"
"11","Ex06B.1","JatunSacha","Exi06_JS","Exi06B_JS"
"12","Ex06B.6","JatunSacha","Exi06_JS","Exi06B_JS"
"13","Ex02.6","JatunSacha","Exi02_JS","Exi02_JS"
"14","Ex02.8","JatunSacha","Exi02_JS","Exi02_JS"
"15","Ex05.3","JatunSacha","Exi05_JS","Exi05_JS"
"16","Ex05.6","JatunSacha","Exi05_JS","Exi05_JS"
"17","Ex06A.6","JatunSacha","Exi06_JS","Exi06A_JS"
"18","Ex06B.3","JatunSacha","Exi06_JS","Exi06B_JS"
"19","Ex06B.5","JatunSacha","Exi06_JS","Exi06B_JS"
"20","Ex06B.8","JatunSacha","Exi06_JS","Exi06B_JS"
"21","Ex12.5","JatunSacha","Exi12_JS","Exi12_JS"
"22","Ex05.1","JatunSacha","Exi05_JS","Exi05_JS"
"23","Ex06A.3","JatunSacha","Exi06_JS","Exi06A_JS"
"24","Ex07.1","JatunSacha","Exi07_JS","Exi07_JS"
"25","Ex07.3","JatunSacha","Exi07_JS","Exi07_JS"
"26","Ex08.1","JatunSacha","Exi08_JS","Exi08_JS"
"27","Ex08.3","JatunSacha","Exi08_JS","Exi08_JS"
"28","Ex06A.1","JatunSacha","Exi06_JS","Exi06A_JS"
"29","Ex06B.4","JatunSacha","Exi06_JS","Exi06B_JS"
"30","Ex06B.7","JatunSacha","Exi06_JS","Exi06B_JS"
"31","Ex07.5","JatunSacha","Exi07_JS","Exi07_JS"
"32","Ex08.7","JatunSacha","Exi08_JS","Exi08_JS"
"33","Ex08.8","JatunSacha","Exi08_JS","Exi08_JS"
"34","Ex12.3","JatunSacha","Exi12_JS","Exi12_JS"
"35","Ex12.6","JatunSacha","Exi12_JS","Exi12_JS"
"36","Ex06B.2","JatunSacha","Exi06_JS","Exi06B_JS"
"37","Ex07.2","JatunSacha","Exi07_JS","Exi07_JS"
"38","Ex08.6","JatunSacha","Exi08_JS","Exi08_JS"
"39","Ex02.2","JatunSacha","Exi02_JS","Exi02_JS"
"40","Ex02.4","JatunSacha","Exi02_JS","Exi02_JS"
"41","Ex07.4","JatunSacha","Exi07_JS","Exi07_JS"
"42","Ex07.6","JatunSacha","Exi07_JS","Exi07_JS"
"43","Ex07.8","JatunSacha","Exi07_JS","Exi07_JS"
"44","Ex08.2","JatunSacha","Exi08_JS","Exi08_JS"
"45","Ex10.2","JatunSacha","Exi10_JS","Exi10_JS"
"46","Ex10.5","JatunSacha","Exi10_JS","Exi10_JS"
"47","Ex11.1","JatunSacha","Exi11_JS","Exi11_JS"
"48","Ex14.5","JatunSacha","Exi14_JS","Exi14_JS"
"49","Ex02.14","JatunSacha","Exi02_JS","Exi02_JS"
"50","Ex02.1","JatunSacha","Exi02_JS","Exi02_JS"
"51","Ex12.14","JatunSacha","Exi12_JS","Exi12_JS"
"52","Exi_VL_41.2.01","ViaLoreto","Exi_VL_41.2","Exi_VL_41.2"
"53","Exi_VL_41.2.02","ViaLoreto","Exi_VL_41.2","Exi_VL_41.2"
"54","Exi_VL_41.2.03","ViaLoreto","Exi_VL_41.2","Exi_VL_41.2"
"55","Exi_VL_41.2.04","ViaLoreto","Exi_VL_41.2","Exi_VL_41.2"
"56","Exi_VL_17.5.01","ViaLoreto","Exi_VL_17.5","Exi_VL_17.5"
"57","Exi_VL_17.5.03","ViaLoreto","Exi_VL_17.5","Exi_VL_17.5"
"58","Exi_VL_17.5.05","ViaLoreto","Exi_VL_17.5","Exi_VL_17.5"
"59","Exi_VL_17.5.06","ViaLoreto","Exi_VL_17.5","Exi_VL_17.5"
"60","Exi_VL_Bridge.1.01","ViaLoreto","Exi_VL_Bridge.1","Exi_VL_Bridge.1"
"61","Exi_VL_Bridge.1.03","ViaLoreto","Exi_VL_Bridge.1","Exi_VL_Bridge.1"
"62","Exi_VL_Bridge.1.04","ViaLoreto","Exi_VL_Bridge.1","Exi_VL_Bridge.1"
"63","Exi_VL_24.1.01","ViaLoreto","Exi_VL_24.1","Exi_VL_24.1"
"64","Exi_VL_24.1.02","ViaLoreto","Exi_VL_24.1","Exi_VL_24.1"
"65","Exi_VL_24.1.03","ViaLoreto","Exi_VL_24.1","Exi_VL_24.1"
"66","Exi_VL_24.1.04","ViaLoreto","Exi_VL_24.1","Exi_VL_24.1"
"67","Exi_VL_24.1.05","ViaLoreto","Exi_VL_24.1","Exi_VL_24.1"
"68","Exi_VL_24.1.06","ViaLoreto","Exi_VL_24.1","Exi_VL_24.1"
"69","Exi_VL_9.5.1.01","ViaLoreto","Exi_VL_9.5","Exi_VL_9.5.1"
"70","Exi_VL_9.5.1.02","ViaLoreto","Exi_VL_9.5","Exi_VL_9.5.1"
"71","Exi_VL_9.5.1.03","ViaLoreto","Exi_VL_9.5","Exi_VL_9.5.1"
"72","Exi_VL_Bridge.1.06","ViaLoreto","Exi_VL_Bridge.1","Exi_VL_Bridge.1"
"73","Exi_VL_Bridge.1.07","ViaLoreto","Exi_VL_Bridge.1","Exi_VL_Bridge.1"
"74","Exi_VL_10.5.08","ViaLoreto","Exi_VL_10.5","Exi_VL_10.5"
"75","Exi_VL_9.5.1.05","ViaLoreto","Exi_VL_9.5","Exi_VL_9.5.1"
"76","Exi_VL_Bridge.1.05","ViaLoreto","Exi_VL_Bridge.1","Exi_VL_Bridge.1"
"77","Exi_VL_10.5.04","ViaLoreto","Exi_VL_10.5","Exi_VL_10.5"
"78","Exi_VL_10.5.05","ViaLoreto","Exi_VL_10.5","Exi_VL_10.5"
"79","Exi_VL_10.5.06","ViaLoreto","Exi_VL_10.5","Exi_VL_10.5"
"80","Exi_VL_10.5.07","ViaLoreto","Exi_VL_10.5","Exi_VL_10.5"
"81","Exi_VL_9.5.01","ViaLoreto","Exi_VL_24.1","Exi_VL_24.1"
"82","Exi_Archi_11.8.1.01","Archidona","Exi_Archi_11.8.1","Exi_Archi_11.8.1"
"83","Exi_Archi_11.8.1.02","Archidona","Exi_Archi_11.8.1","Exi_Archi_11.8.1"
"84","Exi_Archi_11.8.1.04","Archidona","Exi_Archi_11.8.1","Exi_Archi_11.8.1"
"85","Exi_Archi_11.8.1.05","Archidona","Exi_Archi_11.8.1","Exi_Archi_11.8.1"
"86","Exi_Archi_11.8.5.01","Archidona","Exi_Archi_11.8.5","Exi_Archi_11.8.5"
"87","Exi_Archi_11.8.5.02","Archidona","Exi_Archi_11.8.5","Exi_Archi_11.8.5"
"88","Exi_Archi_11.8.5.03","Archidona","Exi_Archi_11.8.5","Exi_Archi_11.8.5"
"89","Exi_Archi_11.8.5.04","Archidona","Exi_Archi_11.8.5","Exi_Archi_11.8.5"
"90","Exi_Archi_11.8.1.06","Archidona","Exi_Archi_11.8.1","Exi_Archi_11.8.1"
"91","Exi_Archi_11.8.1.07","Archidona","Exi_Archi_11.8.1","Exi_Archi_11.8.1"
"92","Exi_Archi_11.8.1.08","Archidona","Exi_Archi_11.8.1","Exi_Archi_11.8.1"
"93","Exi_Archi_11.8.1.09","Archidona","Exi_Archi_11.8.1","Exi_Archi_11.8.1"
"94","Exi_Archi_11.8.1.10","Archidona","Exi_Archi_11.8.1","Exi_Archi_11.8.1"
"95","Exi_Archi_11.8.2.01","Archidona","Exi_Archi_cluster","Exi_Archi_11.8.2"
"96","Exi_Archi_11.8.2.02","Archidona","Exi_Archi_cluster","Exi_Archi_11.8.2"
"97","Exi_Archi_11.8.2.03","Archidona","Exi_Archi_cluster","Exi_Archi_11.8.2"
"98","Exi_Archi_11.8.4.05","Archidona","Exi_Archi_11.8.4","Exi_Archi_11.8.4"
"99","Exi_Archi_11.8.5.05","Archidona","Exi_Archi_11.8.5","Exi_Archi_11.8.5"
